episode,env_step,return,length
0,200,-995.153889693924,200
1,400,-1175.9202092551564,200
2,600,-1592.2700669893663,200
3,800,-1804.444973217366,200
4,1000,-1635.6389926609236,200
5,1200,-1584.144350172491,200
